[
    {
        "id": 1,
        "name": "Ducati Panigale V4",
        "price": 234995.99,
        "image": "images/ducati.jpg"
    },
    {
        "id": 2,
        "name": "Kawasaki Ninja H2",
        "price": 315000.49,
        "image": "images/ninja.jpg"
    },
    {
        "id": 3,
        "name": "Yamaha YZF R1",
        "price": 21000.99,
        "image": "images/yamaha.jpg"
    },
    {
        "id": 4,
        "name": "Royal Enfield Classic 350",
        "price": 2750.75,
        "image": "images/enfield.jpg"
    },
    {
        "id": 5,
        "name": "Harley Davidson Fat Boy",
        "price": 19995.25,
        "image": "images/harley.jpg"
    },
    {
        "id": 6,
        "name": "BMW S1000RR",
        "price": 22499.50,
        "image": "images/bmw.JPG"
    }
]
